epoch,time,train/box_loss,train/cls_loss,train/dfl_loss,metrics/precision(B),metrics/recall(B),metrics/mAP50(B),metrics/mAP50-95(B),val/box_loss,val/cls_loss,val/dfl_loss,lr/pg0,lr/pg1,lr/pg2
1,133.463,1.36165,2.64915,1.62543,0.00819,1,0.66711,0.452,0.98231,2.77769,1.29115,0.00021671,0.00021671,0.00021671
2,269.789,1.16424,1.53918,1.44446,0.93601,0.64209,0.93447,0.58429,1.22624,2.28239,1.51669,0.000441178,0.000441178,0.000441178
3,390.967,1.10189,1.29314,1.36892,0.84859,0.69059,0.86341,0.50815,1.32775,2.05667,1.7044,0.000656405,0.000656405,0.000656405
4,541.186,1.11313,1.19326,1.36243,0.75767,0.78909,0.89337,0.48003,1.39865,1.96852,1.7396,0.000862389,0.000862389,0.000862389
5,672.177,1.02435,1.04665,1.2995,0.69629,0.63289,0.74484,0.361,1.55041,2.15242,1.80924,0.00105913,0.00105913,0.00105913
6,802.638,1.06711,1.09348,1.34402,0.6107,0.78275,0.68889,0.34251,1.65812,1.75148,2.01642,0.00124663,0.00124663,0.00124663
7,938.04,1.02923,1.0092,1.30915,0.76433,0.30435,0.32034,0.18578,1.78388,3.76925,1.99638,0.00142489,0.00142489,0.00142489
8,1067,1.07707,1.02186,1.34061,0.55373,0.56634,0.51745,0.24144,1.74688,1.9806,2.11323,0.00143595,0.00143595,0.00143595
9,1196.86,1.07557,0.94347,1.3126,0.7253,0.56972,0.66152,0.37656,1.42222,1.70741,1.77559,0.00140295,0.00140295,0.00140295
10,1327.01,1.01655,0.89917,1.28699,0.83754,0.84987,0.90051,0.53622,1.25639,1.04743,1.59858,0.00136994,0.00136994,0.00136994
11,1453.98,1.03439,0.87494,1.30475,0.79829,0.80714,0.87639,0.51326,1.30008,1.06761,1.55766,0.00133693,0.00133693,0.00133693
12,1581.41,0.97592,0.8221,1.26824,0.83709,0.89405,0.92332,0.53248,1.38575,1.11183,1.67299,0.00130393,0.00130393,0.00130393
13,1709.84,0.95893,0.80572,1.25351,0.85092,0.95358,0.93814,0.52633,1.35083,1.10861,1.7179,0.00127092,0.00127092,0.00127092
14,1840.83,0.9771,0.79271,1.25872,0.80226,0.77886,0.82404,0.45615,1.45232,1.30198,1.71514,0.00123791,0.00123791,0.00123791
15,1967.51,0.96227,0.77516,1.25594,0.87462,0.83741,0.90413,0.53327,1.35395,0.90513,1.68449,0.00120491,0.00120491,0.00120491
16,2096.69,0.91844,0.71343,1.21078,0.89641,0.96657,0.95063,0.56675,1.22413,0.74106,1.49332,0.0011719,0.0011719,0.0011719
17,2226.67,0.92135,0.71359,1.23499,0.95863,0.96964,0.95646,0.56621,1.39527,0.7535,1.64495,0.00113889,0.00113889,0.00113889
18,2352,0.89856,0.69775,1.22925,0.90333,0.9479,0.94626,0.57144,1.3042,0.74624,1.57166,0.00110589,0.00110589,0.00110589
19,2471.18,0.90017,0.68903,1.20322,0.93261,0.96898,0.95424,0.58566,1.30947,0.80193,1.50716,0.00107288,0.00107288,0.00107288
20,2588.65,0.8995,0.69086,1.21679,0.93803,0.96536,0.93876,0.64118,1.15972,0.80744,1.45326,0.00103987,0.00103987,0.00103987
21,2706.95,0.89479,0.68669,1.21725,0.85589,0.91912,0.89728,0.62257,1.14595,0.72408,1.36002,0.00100687,0.00100687,0.00100687
22,2824.84,0.87353,0.6655,1.19724,0.94943,0.96964,0.94617,0.62548,1.13435,0.64467,1.36634,0.000973861,0.000973861,0.000973861
23,2947.45,0.86804,0.65741,1.20492,0.89794,0.96964,0.92541,0.59585,1.14194,0.68321,1.40232,0.000940855,0.000940855,0.000940855
24,3065.81,0.87282,0.63331,1.19515,0.94817,0.96755,0.95819,0.63124,1.14838,0.61083,1.39051,0.000907848,0.000907848,0.000907848
25,3184.62,0.82468,0.59554,1.16221,0.95037,0.96879,0.97141,0.65218,1.11099,0.56071,1.32983,0.000874842,0.000874842,0.000874842
26,3305.67,0.81741,0.61042,1.16109,0.9456,0.95617,0.95344,0.64041,1.09526,0.62896,1.34212,0.000841835,0.000841835,0.000841835
27,3424.9,0.76619,0.57278,1.13584,0.94238,0.95998,0.95681,0.62062,1.14354,0.6012,1.41067,0.000808828,0.000808828,0.000808828
28,3544.15,0.81366,0.58465,1.16751,0.94704,0.96947,0.95472,0.63183,1.15441,0.5805,1.42255,0.000775822,0.000775822,0.000775822
29,3666.55,0.78734,0.5778,1.14211,0.9292,0.9479,0.93271,0.60996,1.16005,0.58865,1.44063,0.000742815,0.000742815,0.000742815
30,3787.19,0.7644,0.5389,1.1386,0.95153,0.96964,0.95168,0.64603,1.08583,0.53238,1.3407,0.000709809,0.000709809,0.000709809
31,3907.55,0.78983,0.56614,1.16286,0.91699,0.96964,0.96434,0.66764,1.06027,0.5475,1.33822,0.000676802,0.000676802,0.000676802
32,4029.81,0.77539,0.54946,1.15682,0.94956,0.96964,0.95925,0.62942,1.14732,0.56691,1.40613,0.000643795,0.000643795,0.000643795
33,4157.33,0.7486,0.52981,1.12722,0.94019,0.96617,0.95864,0.64738,1.12148,0.56612,1.39412,0.000610789,0.000610789,0.000610789
34,4278.44,0.73627,0.50521,1.10945,0.95119,0.96964,0.96501,0.61537,1.13849,0.52518,1.40196,0.000577782,0.000577782,0.000577782
35,4404.48,0.70556,0.48636,1.09115,0.94668,0.98552,0.96719,0.64664,1.13275,0.52357,1.37745,0.000544776,0.000544776,0.000544776
36,4526.6,0.70545,0.484,1.0984,0.95045,0.96964,0.96422,0.62151,1.2627,0.56247,1.56316,0.000511769,0.000511769,0.000511769
37,4668.02,0.71565,0.48533,1.09452,0.95146,0.96964,0.97272,0.66155,1.12839,0.49544,1.41215,0.000478762,0.000478762,0.000478762
38,4797.77,0.71562,0.49149,1.12239,0.94723,0.99004,0.96277,0.65832,1.12468,0.50307,1.3616,0.000445756,0.000445756,0.000445756
39,4914.81,0.71922,0.47409,1.08707,0.95132,0.96964,0.95672,0.66338,1.11095,0.49596,1.39056,0.000412749,0.000412749,0.000412749
40,5031.02,0.66006,0.45614,1.07432,0.94685,0.99004,0.96692,0.64305,1.12323,0.51085,1.39622,0.000379743,0.000379743,0.000379743
41,5149.83,0.55073,0.42029,1.05462,0.95093,0.96964,0.94238,0.63466,1.11878,0.51904,1.40659,0.000346736,0.000346736,0.000346736
42,5267.02,0.52293,0.37464,1.02578,0.94521,0.96964,0.94749,0.62522,1.14588,0.57582,1.46877,0.000313729,0.000313729,0.000313729
43,5384.95,0.49465,0.34557,1.00289,0.95052,0.96964,0.96198,0.64599,1.11571,0.51631,1.46146,0.000280723,0.000280723,0.000280723
44,5506.08,0.49224,0.33513,1.0066,0.95098,0.96964,0.96257,0.63211,1.11479,0.52807,1.42215,0.000247716,0.000247716,0.000247716
45,5639.33,0.4814,0.33422,1.00386,0.95128,0.96964,0.96464,0.6562,1.12243,0.50712,1.44695,0.00021471,0.00021471,0.00021471
46,5779.38,0.45961,0.31827,0.99056,0.95145,0.96964,0.9555,0.65163,1.08794,0.49773,1.391,0.000181703,0.000181703,0.000181703
47,5915.66,0.47528,0.33049,1.00163,0.95074,0.96964,0.95076,0.65437,1.0959,0.48986,1.42182,0.000148696,0.000148696,0.000148696
48,6053.33,0.44185,0.31113,0.97943,0.95167,0.96964,0.95843,0.65681,1.06143,0.47668,1.36763,0.00011569,0.00011569,0.00011569
49,6186.62,0.42998,0.29908,0.9633,0.95176,0.96964,0.96277,0.6585,1.0903,0.48899,1.40525,8.26832e-05,8.26832e-05,8.26832e-05
50,6314.73,0.41071,0.29133,0.94971,0.94662,0.98937,0.96612,0.64796,1.0872,0.48921,1.39989,4.96766e-05,4.96766e-05,4.96766e-05
